{
  "name": "kpi-embed",
  "version": "0.1.0",
  "private": true,
  "type": "module",
  "scripts": {
    "dev": "vite",
    "build": "vite build",
    "preview": "vite preview",
    "typecheck": "tsc -p tsconfig.json --noEmit"
  },
  "dependencies": {
    "react": "^18.3.1",
    "react-dom": "^18.3.1",
    "recharts": "^3.1.2"
  },
  "devDependencies": {
    "@types/react": "^18.3.24",
    "@types/react-dom": "^18.3.7",
    "@vitejs/plugin-react": "^5.0.2",
    "autoprefixer": "^10.4.21",
    "postcss": "^8.5.6",
    "tailwindcss": "^3.4.17",
    "typescript": "^5.9.2",
    "vite": "^5.4.20"
  },
  "engines": {
    "node": ">=20"
  }
}
